{
  "timestamp": "20251218_214454",
  "training_results": {
    "eval_loss": 0.6197090744972229,
    "eval_accuracy": 0.6398243045387995,
    "eval_precision": 0.6159110350727117,
    "eval_recall": 0.5737051792828686,
    "eval_f1": 0.594059405940594,
    "eval_mcc": 0.271658547423268,
    "eval_runtime": 3.8985,
    "eval_samples_per_second": 700.786,
    "eval_steps_per_second": 43.863,
    "epoch": 3.0
  }
}
